,发明专利授权量,入境数据量_TB,GDP增长率_%,PCT专利申请量,5G基站数量,跨境数据传输总量_TB,研发经费投入_亿元,GDP_亿元
发明专利授权量,1.0,0.37320627578213117,0.18790245253256607,0.8688801747856676,0.01335969182688725,0.38134686905298876,0.5813523894935472,0.5829967084817156
入境数据量_TB,0.37320627578213117,1.0,0.17635515260242807,0.3484470174185372,0.26919288623341986,0.9969559171860787,0.5830915364571783,0.623527166392284
GDP增长率_%,0.18790245253256607,0.17635515260242807,1.0,0.19825787043344376,-0.03657005301352054,0.18085326491957493,0.027870441714844235,0.05983912605879155
PCT专利申请量,0.8688801747856676,0.3484470174185372,0.19825787043344376,1.0,0.014695573197689795,0.35172149332309066,0.41810699935449575,0.41632001726228135
5G基站数量,0.01335969182688725,0.26919288623341986,-0.03657005301352054,0.014695573197689795,1.0,0.2633797116625976,0.3933181212905697,0.4012523581919244
跨境数据传输总量_TB,0.38134686905298876,0.9969559171860787,0.18085326491957493,0.35172149332309066,0.2633797116625976,1.0,0.5772555627324572,0.6184295492959025
研发经费投入_亿元,0.5813523894935472,0.5830915364571783,0.027870441714844235,0.41810699935449575,0.3933181212905697,0.5772555627324572,1.0,0.9870555446956402
GDP_亿元,0.5829967084817156,0.623527166392284,0.05983912605879155,0.41632001726228135,0.4012523581919244,0.6184295492959025,0.9870555446956402,1.0
